City_ID,City,Country,Date,Lat,Lng,Max Temp,Humidity,Cloudiness,Wind Speed
0,Upernavik,GL,2021-05-31 14:40:28,72.7868,-56.1549,31.39,89,100,3.33
1,Jamestown,US,2021-05-31 14:40:13,42.097,-79.2353,63.01,47,58,1.01
2,Albany,US,2021-05-31 14:36:50,42.6001,-73.9662,54.57,81,99,6.82
3,Biggar,GB,2021-05-31 14:40:29,55.6167,-3.5167,69.3,55,2,10.58
4,Rikitea,PF,2021-05-31 14:40:29,-23.1203,-134.9692,74.08,66,0,13.47
5,Sandwick,GB,2021-05-31 14:40:30,60.0,-1.25,49.82,87,90,15.17
6,Kavaratti,IN,2021-05-31 14:40:30,10.5669,72.642,83.77,76,21,22.48
7,Gweru,ZW,2021-05-31 14:40:30,-19.45,29.8167,67.82,29,98,3.09
8,Kapaa,US,2021-05-31 14:40:31,22.0752,-159.319,71.58,88,20,4.41
9,Thompson,CA,2021-05-31 14:40:31,55.7435,-97.8558,55.56,62,75,3.44
10,Norman Wells,CA,2021-05-31 14:40:31,65.282,-126.8329,48.24,76,75,2.3
11,Yerbogachen,RU,2021-05-31 14:40:32,61.2767,108.0108,53.2,62,24,5.01
12,Grindavik,IS,2021-05-31 14:40:32,63.8424,-22.4338,50.47,71,75,21.99
13,Ushuaia,AR,2021-05-31 14:40:33,-54.8,-68.3,29.86,86,75,6.91
14,Punta Arenas,CL,2021-05-31 14:40:33,-53.15,-70.9167,30.22,86,0,3.56
15,Sergeyevka,KZ,2021-05-31 14:40:33,53.88,67.4158,68.65,76,84,8.77
16,Vila Franca Do Campo,PT,2021-05-31 14:40:34,37.7167,-25.4333,66.61,67,73,9.22
17,Hilo,US,2021-05-31 14:40:34,19.7297,-155.09,77.29,94,90,5.75
18,Mataura,NZ,2021-05-31 14:40:34,-46.1927,168.8643,49.48,96,100,2.1
19,Codrington,AU,2021-05-31 14:40:35,-38.2667,141.9667,49.57,41,100,11.92
20,Kraskino,RU,2021-05-31 14:40:35,42.7114,130.7794,50.54,95,98,4.83
21,Watrous,CA,2021-05-31 14:40:35,51.6668,-105.4679,64.18,24,100,16.11
22,Pevek,RU,2021-05-31 14:40:36,69.7008,170.3133,36.25,67,36,0.38
23,Arraial Do Cabo,BR,2021-05-31 14:40:36,-22.9661,-42.0278,75.16,88,75,6.91
24,Shingu,JP,2021-05-31 14:40:37,33.7333,135.9833,64.9,91,41,4.59
25,Bambous Virieux,MU,2021-05-31 14:40:37,-20.3428,57.7575,75.45,78,40,9.48
26,Bluff,NZ,2021-05-31 14:40:37,-46.6,168.3333,49.8,66,93,6.04
27,Namibe,AO,2021-05-31 14:40:38,-15.1961,12.1522,78.96,55,0,13.18
28,Tambopata,PE,2021-05-31 14:40:38,-12.7333,-69.1833,73.29,88,90,3.8
29,Northam,GB,2021-05-31 14:40:39,51.0333,-4.2167,70.48,71,73,12.37
30,Havoysund,NO,2021-05-31 14:40:39,70.9963,24.6622,44.83,96,100,25.79
31,Lagoa,PT,2021-05-31 14:40:39,39.05,-27.9833,61.21,85,100,19.69
32,Kruisfontein,ZA,2021-05-31 14:40:40,-34.0033,24.7314,60.89,77,100,14.94
33,Barrow,US,2021-05-31 14:40:40,71.2906,-156.7887,28.42,74,90,12.66
34,Saldanha,ZA,2021-05-31 14:40:41,-33.0117,17.9442,62.65,74,10,12.15
35,Nara,JP,2021-05-31 14:40:41,34.6851,135.8049,70.5,54,37,1.25
36,Tete,MZ,2021-05-31 14:40:41,-16.1564,33.5867,89.69,22,20,10.36
37,Busselton,AU,2021-05-31 14:40:42,-33.65,115.3333,50.09,85,100,6.46
38,Korla,CN,2021-05-31 14:40:42,41.7597,86.1469,83.1,15,100,6.29
39,Kavieng,PG,2021-05-31 14:40:42,-2.5744,150.7967,78.22,89,100,5.99
40,Vaini,TO,2021-05-31 14:40:43,-21.2,-175.2,73.56,88,90,10.36
41,Yulara,AU,2021-05-31 14:40:43,-25.2406,130.9889,60.64,33,90,2.3
42,Cozumel,MX,2021-05-31 14:40:43,20.5083,-86.9458,86.07,70,40,3.0
43,Itarema,BR,2021-05-31 14:40:45,-2.9248,-39.9167,87.26,59,11,13.18
44,Killybegs,IE,2021-05-31 14:40:45,54.6333,-8.45,71.31,60,96,15.52
45,Torbay,CA,2021-05-31 14:40:45,47.6666,-52.7314,65.17,36,20,12.66
46,Sechura,PE,2021-05-31 14:40:46,-5.5569,-80.8222,71.89,72,100,10.74
47,Dikson,RU,2021-05-31 14:40:46,73.5069,80.5464,31.06,97,100,16.84
48,Soc Trang,VN,2021-05-31 14:40:47,9.6033,105.98,80.56,82,32,5.66
49,Umm Lajj,SA,2021-05-31 14:40:47,25.0213,37.2685,90.55,45,2,15.88
50,Panzhihua,CN,2021-05-31 14:40:47,26.5851,101.7128,82.58,46,77,2.73
51,Nikolskoye,RU,2021-05-31 14:40:48,59.7035,30.7861,56.8,58,100,7.47
52,Lipari,IT,2021-05-31 14:40:48,38.4674,14.954,74.53,63,21,4.18
53,Salalah,OM,2021-05-31 14:40:48,17.0151,54.0924,86.09,79,40,11.5
54,Hobart,AU,2021-05-31 14:38:42,-42.8794,147.3294,46.92,81,100,4.99
55,Avarua,CK,2021-05-31 14:40:49,-21.2078,-159.775,69.85,73,87,4.61
56,Hit,IQ,2021-05-31 14:40:49,33.6416,42.8251,102.6,8,1,7.14
57,Samsun,TR,2021-05-31 14:40:50,41.25,36.3333,70.56,72,75,5.82
58,Atuona,PF,2021-05-31 14:40:50,-9.8,-139.0333,78.66,70,25,11.88
59,Port Elizabeth,ZA,2021-05-31 14:40:50,-33.918,25.5701,63.1,77,20,20.71
60,Dharchula,IN,2021-05-31 14:40:51,29.85,80.5333,68.36,82,78,6.13
61,Bredasdorp,ZA,2021-05-31 14:40:51,-34.5322,20.0403,63.72,55,28,10.63
62,Kodiak,US,2021-05-31 14:40:51,57.79,-152.4072,45.91,87,90,14.97
63,Sosnovka,RU,2021-05-31 14:40:52,56.255,51.2842,51.96,68,100,1.52
64,Vestmanna,FO,2021-05-31 14:40:52,62.1564,-7.1664,52.72,87,90,11.41
65,Invermere,CA,2021-05-31 14:40:53,50.5167,-116.0354,64.56,52,81,2.57
66,Chuy,UY,2021-05-31 14:40:53,-33.6971,-53.4616,58.89,50,29,17.09
67,Manaure,CO,2021-05-31 14:40:53,11.7751,-72.4445,87.37,57,99,17.4
68,Igarka,RU,2021-05-31 14:40:54,67.4667,86.5833,36.0,75,100,6.93
69,Mahebourg,MU,2021-05-31 14:40:54,-20.4081,57.7,75.49,78,40,6.91
70,New Norfolk,AU,2021-05-31 14:40:54,-42.7826,147.0587,46.58,83,100,3.65
71,Abonnema,NG,2021-05-31 14:40:55,4.7084,6.7931,84.49,87,100,6.96
72,Port Hedland,AU,2021-05-31 14:40:55,-20.3167,118.5667,69.85,88,80,6.91
73,De-Kastri,RU,2021-05-31 14:40:56,51.4667,140.7833,38.57,81,6,2.06
74,Nouadhibou,MR,2021-05-31 14:40:56,20.931,-17.0347,76.98,61,8,21.85
75,Puerto Colombia,CO,2021-05-31 14:40:56,10.9878,-74.9547,87.89,70,56,14.45
76,Emerald,AU,2021-05-31 14:40:57,-23.5333,148.1667,55.54,67,5,5.75
77,Bermejillo,MX,2021-05-31 14:40:57,25.8833,-103.6167,77.04,51,37,6.55
78,Ponta Do Sol,PT,2021-05-31 14:40:57,32.6667,-17.1,71.01,74,58,2.55
79,Touros,BR,2021-05-31 14:40:58,-5.1989,-35.4608,83.3,63,85,14.03
80,Sao Joao Do Paraiso,BR,2021-05-31 14:40:58,-15.3136,-42.0144,84.79,23,35,8.75
81,Lerwick,GB,2021-05-31 14:40:58,60.1545,-1.1494,50.0,87,35,13.49
82,Najran,SA,2021-05-31 14:40:59,17.4924,44.1277,97.45,9,1,20.78
83,Puerto Ayora,EC,2021-05-31 14:40:59,-0.7393,-90.3518,76.96,85,83,4.0
84,Bolu,TR,2021-05-31 14:41:00,40.6667,31.5833,56.5,88,100,2.73
85,Esperance,AU,2021-05-31 14:41:00,-33.8667,121.9,58.84,84,100,26.64
86,Cape Town,ZA,2021-05-31 14:36:35,-33.9258,18.4232,63.09,78,75,3.0
87,Karatuzskoye,RU,2021-05-31 14:41:00,53.6072,92.8667,46.78,75,1,2.77
88,Castro,BR,2021-05-31 14:41:01,-24.7911,-50.0119,57.25,97,100,2.62
89,Ransang,PH,2021-05-31 14:41:01,8.9603,117.5828,80.8,84,55,2.53
90,Mar Del Plata,AR,2021-05-31 14:41:01,-38.0023,-57.5575,61.09,58,20,4.0
91,Nagapattinam,IN,2021-05-31 14:41:02,10.7667,79.8333,85.41,72,99,16.62
92,Bethel,US,2021-05-31 14:41:02,41.3712,-73.414,55.2,88,100,1.01
93,Saint-Philippe,RE,2021-05-31 14:41:03,-21.3585,55.7679,73.47,82,21,6.4
94,Seoul,KR,2021-05-31 14:38:12,37.5683,126.9778,65.8,79,40,3.18
95,Namatanai,PG,2021-05-31 14:41:03,-3.6667,152.4333,79.29,85,100,5.14
96,Mangai,CD,2021-05-31 14:41:04,-4.05,19.5333,93.04,27,91,2.53
97,Atar,MR,2021-05-31 14:41:04,20.5169,-13.0499,107.71,13,9,4.29
98,Kailua,US,2021-05-31 14:36:51,21.4022,-157.7394,72.75,68,90,2.04
99,Kargopol,RU,2021-05-31 14:41:04,61.5071,38.9456,54.84,42,98,2.21
100,Hithadhoo,MV,2021-05-31 14:41:05,-0.6,73.0833,84.07,70,82,16.64
101,Mount Isa,AU,2021-05-31 14:41:05,-20.7333,139.5,58.77,63,40,0.0
102,Vao,NC,2021-05-31 14:41:06,-22.6667,167.4833,69.3,59,100,17.67
103,Praia Da Vitoria,PT,2021-05-31 14:41:06,38.7333,-27.0667,64.65,94,75,13.27
104,Malazgirt,TR,2021-05-31 14:41:06,39.1427,42.5401,71.92,36,6,10.54
105,Rawson,AR,2021-05-31 14:41:07,-43.3002,-65.1023,46.71,69,100,11.54
106,Kahului,US,2021-05-31 14:41:07,20.8947,-156.47,76.84,78,1,3.44
107,Severo-Yeniseyskiy,RU,2021-05-31 14:41:07,60.3725,93.0408,48.07,65,99,5.3
108,Tasiilaq,GL,2021-05-31 14:41:08,65.6145,-37.6368,42.96,82,12,9.06
109,Hay River,CA,2021-05-31 14:41:08,60.8156,-115.7999,46.38,71,40,5.75
110,Husavik,IS,2021-05-31 14:41:08,66.0449,-17.3389,57.11,44,46,16.62
111,Esmeralda,CU,2021-05-31 14:41:09,21.8525,-78.1169,83.44,61,70,6.98
112,Georgetown,MY,2021-05-31 14:41:09,5.4112,100.3354,86.9,76,20,1.01
113,Komsomolskiy,UZ,2021-05-31 14:41:09,40.4272,71.7189,92.12,17,1,4.61
114,Puerto Madero,MX,2021-05-31 14:41:10,14.7208,-92.4215,80.8,94,75,0.0
115,East London,ZA,2021-05-31 14:41:10,-33.0153,27.9116,67.14,59,0,5.75
116,Sonqor,IR,2021-05-31 14:41:11,34.7837,47.6004,86.81,16,11,9.28
117,Khatanga,RU,2021-05-31 14:41:11,71.9667,102.5,35.33,98,100,8.12
118,Erenhot,CN,2021-05-31 14:41:11,43.6475,111.9767,50.47,44,5,8.75
119,Pangody,RU,2021-05-31 14:41:12,65.85,74.4859,46.8,40,13,1.61
120,Iqaluit,CA,2021-05-31 14:41:12,63.7506,-68.5145,33.53,80,90,8.01
121,Umm Kaddadah,SD,2021-05-31 14:41:12,13.6017,26.6876,91.2,30,96,22.37
122,Nelson Bay,AU,2021-05-31 14:41:13,-32.7167,152.15,54.68,96,4,4.43
123,Xai-Xai,MZ,2021-05-31 14:41:13,-25.0519,33.6442,70.75,60,98,7.83
124,Labuhan,ID,2021-05-31 14:41:14,-6.8844,112.2051,78.98,86,95,6.29
125,Phillipsburg,US,2021-05-31 14:41:14,40.6937,-75.1902,62.1,70,34,1.99
126,Nador,MA,2021-05-31 14:41:14,35.174,-2.9287,73.47,94,75,8.75
127,Charthawal,IN,2021-05-31 14:41:15,29.55,77.5833,84.99,37,30,11.16
128,Pisco,PE,2021-05-31 14:41:15,-13.7,-76.2167,66.25,82,90,3.44
129,Nemuro,JP,2021-05-31 14:41:15,43.3236,145.575,40.62,86,65,14.79
130,Huarmey,PE,2021-05-31 14:41:16,-10.0681,-78.1522,68.97,79,93,8.57
131,Denpasar,ID,2021-05-31 14:38:28,-8.65,115.2167,78.46,89,20,1.9
132,Tongren,CN,2021-05-31 14:41:16,27.7172,109.1853,73.38,79,88,1.54
133,Ormara,PK,2021-05-31 14:41:17,25.2088,64.6357,84.99,84,0,13.31
134,Svetlogorsk,BY,2021-05-31 14:41:17,52.6333,29.7333,55.29,67,92,7.56
135,Narsaq,GL,2021-05-31 14:41:17,60.9167,-46.05,44.82,57,82,7.0
136,Buraydah,SA,2021-05-31 14:41:18,26.326,43.975,109.85,8,83,6.51
137,Cherskiy,RU,2021-05-31 14:41:18,68.75,161.3,52.83,38,10,8.77
138,Saint-Augustin,CA,2021-05-31 14:41:18,51.226,-58.6502,55.4,43,100,16.04
139,Geraldton,AU,2021-05-31 14:41:19,-28.7667,114.6,55.81,88,33,14.63
140,Sangueya,GN,2021-05-31 14:41:19,10.7,-14.3667,82.85,66,100,6.51
141,Aykhal,RU,2021-05-31 14:41:20,66.0,111.5,53.38,43,64,12.95
142,Qaanaaq,GL,2021-05-31 14:41:20,77.484,-69.3632,33.19,89,100,2.95
143,Safaga,EG,2021-05-31 14:41:20,26.7292,33.9365,94.93,32,11,6.55
144,Victoria,HK,2021-05-31 14:38:06,22.2855,114.1577,83.32,88,100,1.99
145,Butaritari,KI,2021-05-31 14:41:21,3.0707,172.7902,82.6,77,36,15.99
146,Tezu,IN,2021-05-31 14:41:21,27.9167,96.1667,74.52,96,100,2.89
147,Airai,TL,2021-05-31 14:41:21,-8.9266,125.4092,59.61,96,95,1.97
148,Lavrentiya,RU,2021-05-31 14:41:22,65.5833,-171.0,28.94,87,22,8.93
149,Baghdad,IQ,2021-05-31 14:38:07,33.3406,44.4009,105.71,11,0,14.74
150,Juarez,MX,2021-05-31 14:41:22,31.7333,-106.4833,79.18,48,40,1.01
151,Port Alfred,ZA,2021-05-31 14:41:23,-33.5906,26.891,62.71,62,100,12.19
152,Luderitz,NA,2021-05-31 14:41:23,-26.6481,15.1594,65.98,57,0,27.27
153,Laguna,US,2021-05-31 14:41:24,38.421,-121.4238,83.08,58,1,0.96
154,Tura,IN,2021-05-31 14:41:24,25.5198,90.2201,72.81,96,100,6.17
155,Bor,RU,2021-05-31 14:41:24,56.3567,44.0669,51.73,66,100,6.33
156,Half Moon Bay,US,2021-05-31 14:41:25,37.4636,-122.4286,68.45,82,1,1.99
157,Marawi,PH,2021-05-31 14:41:25,7.9986,124.2928,71.65,90,97,3.89
158,Acapulco,MX,2021-05-31 14:38:06,16.8634,-99.8901,84.02,70,75,3.42
159,Ilulissat,GL,2021-05-31 14:41:26,69.2167,-51.1,33.82,86,90,5.75
160,Chimore,BO,2021-05-31 14:41:26,-16.9833,-65.1333,72.09,56,100,1.32
161,Carnarvon,AU,2021-05-31 14:41:26,-24.8667,113.6333,59.07,88,1,8.05
162,Tigil,RU,2021-05-31 14:41:27,57.8,158.6667,39.72,78,32,1.74
163,Kalabo,ZM,2021-05-31 14:41:27,-14.97,22.6814,80.92,18,35,3.53
164,Gambela,ET,2021-05-31 14:41:28,8.25,34.5833,91.27,46,11,5.66
165,Nanortalik,GL,2021-05-31 14:41:28,60.1432,-45.2371,38.73,78,50,13.0
166,Roebourne,AU,2021-05-31 14:37:17,-20.7833,117.1333,71.98,42,95,16.96
167,Haines Junction,CA,2021-05-31 14:41:29,60.7522,-137.5108,42.75,75,100,2.3
168,Constitucion,CL,2021-05-31 14:41:29,-35.3333,-72.4167,61.57,86,95,5.12
169,Morondava,MG,2021-05-31 14:41:29,-20.2833,44.2833,75.49,61,1,11.3
170,Krasnyy Chikoy,RU,2021-05-31 14:41:30,50.3643,108.7512,34.56,78,93,3.89
171,Nefteyugansk,RU,2021-05-31 14:41:30,61.0998,72.6035,43.05,91,100,15.75
172,Nur,PL,2021-05-31 14:41:31,52.6683,22.3221,60.03,56,94,9.24
173,Brest,BY,2021-05-31 14:41:31,52.1,23.7,58.41,52,71,7.36
174,Binzhou,CN,2021-05-31 14:41:32,37.3667,118.0167,70.5,76,100,6.64
175,Opuwo,NA,2021-05-31 14:41:32,-18.0607,13.84,80.8,13,96,8.28
176,Fare,PF,2021-05-31 14:41:32,-16.7,-151.0167,78.01,67,44,16.89
177,Aklavik,CA,2021-05-31 14:41:33,68.2191,-135.0107,41.83,65,75,10.36
178,Raudeberg,NO,2021-05-31 14:41:33,61.9875,5.1352,69.4,88,63,8.72
179,Porto Novo,BJ,2021-05-31 14:41:33,6.4965,2.6036,87.62,62,64,13.71
180,Sao Joao Da Barra,BR,2021-05-31 14:37:37,-21.6403,-41.0511,80.69,78,94,4.03
181,Mangrol,IN,2021-05-31 14:41:34,21.1167,70.1167,83.62,78,26,14.18
182,Chokurdakh,RU,2021-05-31 14:41:34,70.6333,147.9167,52.48,54,30,10.16
183,Kaitangata,NZ,2021-05-31 14:41:35,-46.2817,169.8464,45.93,82,94,5.46
184,Kulhudhuffushi,MV,2021-05-31 14:41:35,6.6221,73.07,83.21,75,96,20.2
185,Udachnyy,RU,2021-05-31 14:41:35,66.4167,112.4,56.32,46,55,11.12
186,Biak,ID,2021-05-31 14:41:36,-0.9131,122.8766,76.75,85,100,4.36
187,Westport,US,2021-05-31 14:41:36,41.1415,-73.3579,57.2,84,90,1.01
188,Chopinzinho,BR,2021-05-31 14:41:37,-25.8558,-52.5233,70.81,54,30,3.18
189,Hanzhong,CN,2021-05-31 14:41:37,33.0728,107.0303,70.0,89,100,5.5
190,Tuktoyaktuk,CA,2021-05-31 14:39:09,69.4541,-133.0374,30.2,86,90,13.8
191,Fairbanks,US,2021-05-31 14:41:33,64.8378,-147.7164,56.82,67,90,0.0
192,Buenos Aires,AR,2021-05-31 14:37:18,-34.6132,-58.3772,62.02,52,0,10.36
193,Bairiki,KI,2021-05-31 14:41:38,1.3292,172.9752,82.4,78,40,15.88
194,Espanola,US,2021-05-31 14:41:38,35.9911,-106.0806,65.64,64,75,1.45
195,Longyearbyen,SJ,2021-05-31 14:39:39,78.2186,15.6401,37.24,65,75,8.05
196,Hirado,JP,2021-05-31 14:41:39,33.3597,129.5531,72.36,76,100,12.55
197,Dunedin,NZ,2021-05-31 14:37:30,-45.8742,170.5036,45.81,88,100,11.99
198,Ust-Omchug,RU,2021-05-31 14:41:39,61.15,149.6333,35.58,91,100,4.41
199,Krasnomayskiy,RU,2021-05-31 14:41:40,57.6194,34.4099,57.63,33,10,1.79
200,Fez,MA,2021-05-31 14:38:23,34.0372,-4.9998,82.65,54,75,14.34
201,Luwuk,ID,2021-05-31 14:41:41,-0.9516,122.7875,77.59,86,100,3.65
202,Tiksi,RU,2021-05-31 14:41:41,71.6872,128.8694,34.47,90,10,4.0
203,Hermanus,ZA,2021-05-31 14:41:41,-34.4187,19.2345,58.89,76,53,10.04
204,Vanavara,RU,2021-05-31 14:41:42,60.34,102.2797,49.3,69,10,3.94
205,Canavieiras,BR,2021-05-31 14:41:42,-15.675,-38.9472,77.49,82,98,5.37
206,Galveston,US,2021-05-31 14:40:33,29.3669,-94.9669,82.04,78,40,3.0
207,Pimenta Bueno,BR,2021-05-31 14:41:43,-11.6725,-61.1936,87.94,48,34,1.36
208,Lethem,GY,2021-05-31 14:41:43,3.3803,-59.7968,85.03,65,70,3.33
209,Hasaki,JP,2021-05-31 14:41:43,35.7333,140.8333,61.29,70,84,4.81
210,Sawakin,SD,2021-05-31 14:41:44,19.1059,37.3321,93.43,43,0,11.52
211,San Andres,CO,2021-05-31 14:41:44,12.5847,-81.7006,86.02,66,20,12.66
212,Padang,ID,2021-05-31 14:41:45,-0.9492,100.3543,79.03,84,89,2.19
213,Samarai,PG,2021-05-31 14:41:45,-10.6167,150.6667,78.73,78,100,20.87
214,Praya,CV,2021-05-31 14:41:45,14.9215,-23.5087,81.14,57,20,24.16
215,Hanmer Springs,NZ,2021-05-31 14:41:46,-42.5167,172.8167,43.59,98,100,3.53
216,Ca Mau,VN,2021-05-31 14:40:11,9.1769,105.15,81.25,85,71,4.61
217,Boa Vista,BR,2021-05-31 14:41:46,2.8197,-60.6733,84.18,65,75,8.05
218,Nantucket,US,2021-05-31 14:36:50,41.2835,-70.0995,58.03,98,100,11.83
219,Nanuque,BR,2021-05-31 14:41:47,-17.8392,-40.3539,86.72,46,51,8.9
220,Mabaruma,GY,2021-05-31 14:41:47,8.2,-59.7833,75.13,98,99,3.13
221,Sao Francisco De Assis,BR,2021-05-31 14:41:48,-29.5503,-55.1311,58.87,49,6,0.58
222,Rorvik,NO,2021-05-31 14:41:48,64.8621,11.2373,58.98,76,0,10.36
223,Ribeira Grande,PT,2021-05-31 14:41:48,38.5167,-28.7,64.8,94,75,4.61
224,Vostok,RU,2021-05-31 14:41:49,46.4856,135.8833,43.39,93,68,3.58
225,Diplo,PK,2021-05-31 14:41:49,24.4667,69.584,84.9,77,0,20.8
226,Tukrah,LY,2021-05-31 14:41:49,32.5341,20.5791,74.91,53,72,8.21
227,Redlands,US,2021-05-31 14:41:50,34.0556,-117.1825,88.43,62,90,0.0
228,Sao Gotardo,BR,2021-05-31 14:41:50,-19.3111,-46.0489,76.62,45,88,6.91
229,Shimoda,JP,2021-05-31 14:41:50,34.6667,138.95,68.16,82,13,3.15
230,Ixtapa,MX,2021-05-31 14:41:51,20.7,-105.2,72.63,73,75,3.44
231,Fomboni,KM,2021-05-31 14:41:51,-12.28,43.7425,80.49,72,0,11.52
232,Talnakh,RU,2021-05-31 14:41:52,69.4865,88.3972,32.9,89,100,7.25
233,Bengkulu,ID,2021-05-31 14:41:52,-3.8004,102.2655,78.48,87,100,2.42
234,Saskylakh,RU,2021-05-31 14:41:52,71.9167,114.0833,46.63,72,68,13.49
235,Bonthe,SL,2021-05-31 14:41:53,7.5264,-12.505,76.69,85,100,7.92
236,Portland,US,2021-05-31 14:37:50,45.5234,-122.6762,66.04,67,40,1.99
237,Marsabit,KE,2021-05-31 14:41:53,2.3284,37.9899,76.64,40,89,17.27
238,Barcelos,PT,2021-05-31 14:41:54,41.5388,-8.6151,81.28,55,32,6.51
239,Saint George,US,2021-05-31 14:41:01,37.1041,-113.5841,80.35,17,1,4.0
240,Zhoucheng,CN,2021-05-31 14:41:54,35.9122,116.3117,70.79,74,94,8.39
241,Cooma,AU,2021-05-31 14:41:54,-36.2333,149.1333,24.57,86,63,2.3
242,Ostrovnoy,RU,2021-05-31 14:41:55,68.0531,39.5131,44.49,85,100,19.39
243,Ivanteyevka,RU,2021-05-31 14:41:55,55.9711,37.9208,54.48,51,100,6.2
244,Yellowknife,CA,2021-05-31 14:41:55,62.456,-114.3525,45.32,65,20,4.0
245,Payson,US,2021-05-31 14:41:56,40.0444,-111.7321,71.55,44,1,1.01
246,Hovin,NO,2021-05-31 14:41:56,63.1055,10.225,62.19,36,100,5.93
247,Manggar,ID,2021-05-31 14:41:57,-2.8833,108.2667,82.2,75,100,4.5
248,Namasuba,UG,2021-05-31 14:41:57,0.6894,32.4214,66.13,92,100,4.0
249,Orange Park,US,2021-05-31 14:41:57,30.1661,-81.7065,81.01,61,40,1.01
250,Tocopilla,CL,2021-05-31 14:41:58,-22.092,-70.1979,69.84,63,31,7.43
251,Lakes Entrance,AU,2021-05-31 14:41:58,-37.8811,147.981,45.91,67,99,5.23
252,Okha,RU,2021-05-31 14:41:59,53.5739,142.9478,34.23,86,13,8.61
253,Boda,CF,2021-05-31 14:41:59,4.3189,17.4695,88.83,50,88,2.1
254,Primo Tapia,MX,2021-05-31 14:41:59,32.22,-116.9172,60.91,78,42,2.66
255,Kieta,PG,2021-05-31 14:42:00,-6.2167,155.6333,78.85,86,99,4.63
256,Anadyr,RU,2021-05-31 14:42:00,64.75,177.4833,36.1,64,0,3.69
257,Port Lincoln,AU,2021-05-31 14:42:00,-34.7333,135.8667,59.04,44,100,5.64
258,Thinadhoo,MV,2021-05-31 14:42:22,0.5333,72.9333,84.4,71,95,18.03
259,Vangaindrano,MG,2021-05-31 14:42:23,-23.35,47.6,71.38,85,9,7.85
260,Lop Buri,TH,2021-05-31 14:42:23,14.7981,100.654,88.2,64,74,9.98
261,Beringovskiy,RU,2021-05-31 14:42:24,63.05,179.3167,30.38,90,92,8.32
262,Fontem,CM,2021-05-31 14:42:24,5.4685,9.8818,76.26,79,99,2.01
263,Kupang,ID,2021-05-31 14:42:24,-10.1667,123.5833,76.53,87,100,6.26
264,Baiyin,CN,2021-05-31 14:42:25,36.5583,104.2081,56.28,44,100,9.22
265,Ancud,CL,2021-05-31 14:42:25,-41.8697,-73.8203,60.22,98,100,16.98
266,Omboue,GA,2021-05-31 14:42:25,-1.5746,9.2618,81.37,75,100,9.98
267,Lebu,CL,2021-05-31 14:42:26,-37.6167,-73.65,57.58,95,100,11.88
268,Bafoulabe,ML,2021-05-31 14:42:26,13.8065,-10.8321,103.84,21,100,4.83
269,Jinji,CN,2021-05-31 14:42:27,23.2281,110.8261,81.45,86,100,1.77
270,Kondinskoye,RU,2021-05-31 14:42:27,59.6481,67.41,42.12,88,100,7.9
271,Sioux Lookout,CA,2021-05-31 14:38:54,50.1001,-91.917,57.27,77,20,4.61
272,Kununurra,AU,2021-05-31 14:42:27,-15.7667,128.7333,64.38,72,22,0.0
273,Faranah,GN,2021-05-31 14:42:28,10.0404,-10.7434,90.61,44,92,7.52
274,Biltine,TD,2021-05-31 14:42:28,14.5333,20.9167,107.51,10,15,12.84
275,Mandera,KE,2021-05-31 14:42:29,3.9366,41.867,89.11,40,92,12.01
276,Cabatuan,PH,2021-05-31 14:42:29,10.8794,122.486,78.98,88,100,3.76
277,Saint Anthony,US,2021-05-31 14:42:29,45.0205,-93.218,64.33,83,75,1.99
278,Nioro,GM,2021-05-31 14:42:30,13.35,-15.75,100.65,23,75,7.67
279,Sarangani,PH,2021-05-31 14:42:30,5.4033,125.4636,83.5,74,100,20.62
280,Dongying,CN,2021-05-31 14:42:30,37.4564,118.4856,71.64,76,100,6.53
281,Bardiyah,LY,2021-05-31 14:42:31,31.7561,25.0865,75.65,52,1,11.39
282,Katsuura,JP,2021-05-31 14:42:31,35.1333,140.3,67.19,80,46,6.96
283,Vardo,NO,2021-05-31 14:42:32,70.3705,31.1107,46.6,83,100,27.29
284,Lichuan,CN,2021-05-31 14:42:32,30.3,108.85,64.33,89,97,1.81
285,Te Anau,NZ,2021-05-31 14:42:32,-45.4167,167.7167,40.33,92,55,3.04
286,Kaeo,NZ,2021-05-31 14:42:33,-35.1,173.7833,52.32,95,16,5.95
287,Aldan,RU,2021-05-31 14:42:33,58.6031,125.3894,48.13,83,58,5.88
288,Poum,NC,2021-05-31 14:42:33,-20.2333,164.0167,71.91,55,32,15.39
289,Margate,GB,2021-05-31 14:38:50,51.3813,1.3862,75.18,84,0,11.97
290,College,US,2021-05-31 14:42:34,64.8569,-147.8028,56.8,67,75,4.61
291,Karpathos,GR,2021-05-31 14:42:34,35.507,27.2132,76.96,78,0,9.91
292,Marsh Harbour,BS,2021-05-31 14:42:35,26.5412,-77.0636,78.98,76,59,11.05
293,Hofn,IS,2021-05-31 14:42:35,64.2539,-15.2082,51.82,76,75,14.97
294,Daru,PG,2021-05-31 14:42:36,-9.0763,143.2092,77.59,85,79,16.33
295,Ciudad Bolivar,VE,2021-05-31 14:42:36,8.1222,-63.5497,87.24,59,71,7.43
296,Meulaboh,ID,2021-05-31 14:42:36,4.1363,96.1285,78.24,84,95,1.86
297,Rosarito,MX,2021-05-31 14:42:37,32.3333,-117.0333,61.09,78,50,3.8
298,Genhe,CN,2021-05-31 14:42:37,50.7833,121.5167,51.19,95,100,13.15
299,Baykit,RU,2021-05-31 14:42:37,61.67,96.37,52.39,62,97,3.98
300,Cidreira,BR,2021-05-31 14:42:38,-30.1811,-50.2056,58.1,42,0,7.87
301,Kyshtovka,RU,2021-05-31 14:42:38,56.555,76.6271,66.83,74,69,10.31
302,Kutahya,TR,2021-05-31 14:42:39,39.4242,29.9833,64.29,61,53,9.19
303,Colares,PT,2021-05-31 14:42:39,38.7992,-9.4469,74.39,68,40,3.0
304,Terrace,CA,2021-05-31 14:38:30,54.5163,-128.6035,51.71,100,75,0.0
305,Vaitape,PF,2021-05-31 14:42:40,-16.5167,-151.75,78.37,67,100,14.43
306,Fortuna,US,2021-05-31 14:42:40,40.5982,-124.1573,56.66,89,78,4.5
307,Deer Lake,CA,2021-05-31 14:41:08,49.1667,-57.4316,60.66,44,90,5.75
308,Lebedyn,UA,2021-05-31 14:42:41,50.5852,34.4849,52.7,75,99,10.96
309,Pinega,RU,2021-05-31 14:42:41,64.7001,43.3936,59.4,46,98,9.17
310,Oranjemund,NA,2021-05-31 14:42:41,-28.55,16.4333,59.58,78,0,12.21
311,Souillac,MU,2021-05-31 14:42:42,-20.5167,57.5167,75.58,78,40,8.48
312,Ritchie,ZA,2021-05-31 14:42:42,-29.038,24.6028,61.81,27,64,17.07
313,Sitka,US,2021-05-31 14:42:42,57.0531,-135.33,57.09,67,90,19.57
314,Kizukuri,JP,2021-05-31 14:39:14,40.8061,140.3861,51.12,84,44,4.63
315,Reconquista,AR,2021-05-31 14:42:43,-29.15,-59.65,61.81,41,1,6.35
316,Candido Mota,BR,2021-05-31 14:42:43,-22.7464,-50.3869,62.74,97,100,6.71
317,Joshimath,IN,2021-05-31 14:42:44,30.5667,79.5667,64.98,84,97,0.96
318,Amga,RU,2021-05-31 14:42:44,60.8953,131.9608,48.13,77,97,2.98
319,Cayenne,GF,2021-05-31 14:42:44,4.9333,-52.3333,84.24,74,75,9.42
320,Crepy-En-Valois,FR,2021-05-31 14:42:45,49.2336,2.8881,76.5,53,0,12.46
321,Verkhnevilyuysk,RU,2021-05-31 14:42:45,63.4453,120.3167,52.77,51,6,1.95
322,Tiznit,MA,2021-05-31 14:42:45,29.5833,-9.5,79.63,44,100,9.78
323,Evensk,RU,2021-05-31 14:42:46,61.95,159.2333,40.05,82,97,6.96
324,Santa Rosa,PH,2021-05-31 14:42:46,14.3122,121.1114,86.86,69,98,1.14
325,Kritsa,GR,2021-05-31 14:42:46,35.1667,25.65,75.29,59,3,6.67
326,Leshukonskoye,RU,2021-05-31 14:42:47,64.8989,45.7622,58.1,45,83,8.9
327,Bourail,NC,2021-05-31 14:42:47,-21.5667,165.4833,66.45,72,69,7.36
328,Beaupre,CA,2021-05-31 14:42:48,47.0443,-70.8953,54.81,96,100,5.99
329,Provideniya,RU,2021-05-31 14:42:48,64.3833,-173.3,38.5,67,92,7.85
330,Aksu,CN,2021-05-31 14:39:11,41.1231,80.2644,76.77,30,85,5.19
331,Barillas,GT,2021-05-31 14:42:49,15.8036,-91.3158,70.14,73,42,4.29
332,Presidencia Roque Saenz Pena,AR,2021-05-31 14:42:49,-26.7852,-60.4388,64.9,26,0,3.91
333,Amuntai,ID,2021-05-31 14:42:49,-2.4177,115.2494,78.69,85,87,1.43
334,Avera,US,2021-05-31 14:42:50,33.194,-82.5271,72.93,52,87,7.96
335,Grand Gaube,MU,2021-05-31 14:42:50,-20.0064,57.6608,75.6,75,0,5.01
336,Ust-Maya,RU,2021-05-31 14:42:50,60.4167,134.5333,47.21,94,87,3.36
337,Jasper,US,2021-05-31 14:42:51,37.2001,-94.3502,64.45,74,1,1.01
338,Carovigno,IT,2021-05-31 14:42:51,40.708,17.655,74.61,52,25,17.83
339,Faanui,PF,2021-05-31 14:42:52,-16.4833,-151.75,78.4,68,100,14.58
340,Tikhvin,RU,2021-05-31 14:42:52,59.6451,33.5294,58.66,35,99,0.85
341,Montepuez,MZ,2021-05-31 14:42:52,-13.1256,38.9997,71.13,75,30,4.92
342,Qasigiannguit,GL,2021-05-31 14:42:53,68.8193,-51.1922,34.05,91,100,4.03
343,Moron,AR,2021-05-31 14:42:53,-34.6534,-58.6198,62.02,54,77,5.99
344,Ntoum,GA,2021-05-31 14:42:53,0.3833,9.7833,83.97,78,99,4.07
345,Yushu,CN,2021-05-31 14:42:54,44.8,126.5333,65.3,50,100,10.69
346,Matara,LK,2021-05-31 14:42:54,5.9485,80.5353,80.47,86,88,13.82
347,Zhanakorgan,KZ,2021-05-31 14:42:55,43.9098,67.2495,88.38,24,100,12.17
348,Davila,PH,2021-05-31 14:42:55,18.4726,120.5763,83.68,78,100,4.09
349,Warwick,US,2021-05-31 14:42:55,41.7001,-71.4162,55.27,95,90,9.22
350,Le Chambon-Feugerolles,FR,2021-05-31 14:42:56,45.3969,4.3259,77.58,44,20,5.95
351,Flinders,AU,2021-05-31 14:42:56,-34.5833,150.8552,50.38,81,2,1.01
352,Ribas Do Rio Pardo,BR,2021-05-31 14:42:56,-20.4431,-53.7592,82.35,44,59,3.4
353,Hamilton,US,2021-05-31 14:42:40,39.1834,-84.5333,66.85,67,40,1.99
354,Lompoc,US,2021-05-31 14:42:57,34.6391,-120.4579,58.08,100,90,1.01
355,Abu Samrah,SY,2021-05-31 14:42:57,35.3029,37.1841,90.91,14,0,24.92
356,Vallenar,CL,2021-05-31 14:42:58,-28.5708,-70.7581,80.83,12,1,3.04
357,Simplicio Mendes,BR,2021-05-31 14:42:58,-7.8539,-41.9103,94.3,28,5,7.83
358,Araouane,ML,2021-05-31 14:42:59,18.9048,-3.5265,111.09,5,1,4.99
359,Port Augusta,AU,2021-05-31 14:42:59,-32.5,137.7667,54.72,35,100,4.61
360,Koath,IN,2021-05-31 14:42:59,25.3167,84.2667,95.13,40,2,4.36
361,Hami,CN,2021-05-31 14:43:00,42.8,93.45,82.15,8,0,16.62
362,Pingliang,CN,2021-05-31 14:43:00,35.5392,106.6861,61.97,55,100,3.33
363,Luangwa,ZM,2021-05-31 14:43:01,-15.6167,30.4167,78.73,35,74,5.75
364,Tuatapere,NZ,2021-05-31 14:43:01,-46.1333,167.6833,49.82,85,78,1.45
365,Hambantota,LK,2021-05-31 14:43:01,6.1241,81.1185,84.54,79,20,20.69
366,Aleksandrov Gay,RU,2021-05-31 14:43:02,50.147,48.5704,75.2,67,97,14.09
367,Ishigaki,JP,2021-05-31 14:43:02,24.3448,124.1572,80.8,86,99,13.02
368,Kloulklubed,PW,2021-05-31 14:43:03,7.0419,134.2556,81.1,77,100,16.91
369,Kerur,IN,2021-05-31 14:43:03,16.0167,75.5667,78.39,75,100,16.04
370,Pangnirtung,CA,2021-05-31 14:43:03,66.1451,-65.7125,32.0,93,40,9.22
371,Riberalta,BO,2021-05-31 14:43:04,-10.9833,-66.1,77.2,94,75,2.73
372,Tirano,IT,2021-05-31 14:43:04,46.2154,10.1679,72.03,50,34,4.74
373,Toucheng,TW,2021-05-31 14:43:04,24.8592,121.8233,79.45,95,100,2.26
374,Vestmannaeyjar,IS,2021-05-31 14:43:05,63.4427,-20.2734,49.19,76,75,14.97
375,Karia,NG,2021-05-31 14:43:05,11.7306,11.1629,104.56,12,17,8.72
376,Tarakan,ID,2021-05-31 14:43:06,3.3,117.6333,83.44,75,85,8.19
377,Acarau,BR,2021-05-31 14:43:06,-2.8856,-40.12,86.59,61,17,12.39
378,Puerto El Triunfo,SV,2021-05-31 14:43:06,13.2833,-88.55,84.36,58,24,3.56
379,Santiago Del Estero,AR,2021-05-31 14:43:07,-27.7951,-64.2615,66.72,29,0,9.33
380,Svetlyy,RU,2021-05-31 14:43:07,54.675,20.1347,59.05,62,87,7.7
381,Alofi,NU,2021-05-31 14:43:07,-19.0595,-169.9187,73.29,94,56,3.44
382,Panguna,PG,2021-05-31 14:43:08,-6.3164,155.4848,69.01,95,99,1.66
383,Banyo,CM,2021-05-31 14:43:08,6.75,11.8167,81.36,61,95,5.23
384,Dauphin,CA,2021-05-31 14:42:13,51.1494,-100.0502,60.94,41,1,11.5
385,Cabo San Lucas,MX,2021-05-31 14:40:05,22.8909,-109.9124,81.81,56,46,4.03
386,Kamaishi,JP,2021-05-31 14:43:09,39.2667,141.8833,55.87,87,100,1.32
387,Lorengau,PG,2021-05-31 14:43:09,-2.0226,147.2712,80.26,86,100,9.6
388,San Cristobal,VE,2021-05-31 14:43:10,7.7669,-72.225,78.98,63,97,6.13
389,Srednekolymsk,RU,2021-05-31 14:43:10,67.45,153.6833,53.82,43,5,10.49
390,Umba,RU,2021-05-31 14:43:10,66.6871,34.3429,53.58,53,81,11.68
391,Masakin,TN,2021-05-31 14:43:11,35.7292,10.5808,95.2,39,0,17.0
392,Khani,GE,2021-05-31 14:43:11,41.9563,42.9566,85.57,64,38,3.83
393,Lakhdenpokhya,RU,2021-05-31 14:43:11,61.5198,30.1992,50.83,93,100,6.93
394,Promyshlennovskiy,RU,2021-05-31 14:43:12,55.4833,86.2,70.57,65,13,5.46
395,Victor Harbor,AU,2021-05-31 14:43:12,-35.5667,138.6167,57.72,37,94,8.03
396,Celestun,MX,2021-05-31 14:43:12,20.8667,-90.4,84.06,60,14,9.98
397,Wilmington Island,US,2021-05-31 14:41:49,32.0036,-80.9737,75.04,57,1,10.78
398,Vanimo,PG,2021-05-31 14:43:13,-2.6741,141.3028,78.57,88,100,7.78
399,Smidovich,RU,2021-05-31 14:43:13,48.6,133.8167,51.6,65,2,2.89
400,Novo Aripuana,BR,2021-05-31 14:43:14,-5.1206,-60.3797,93.22,39,6,3.96
401,Nishihara,JP,2021-05-31 14:43:14,26.1842,127.7558,76.28,86,75,14.05
402,Mwinilunga,ZM,2021-05-31 14:43:15,-11.7358,24.4293,75.47,32,32,4.0
403,Ucluelet,CA,2021-05-31 14:38:27,48.9329,-125.5528,59.09,91,100,3.51
404,Russell,US,2021-05-31 14:43:15,32.3502,-85.1999,74.79,67,1,8.86
405,Porto Nacional,BR,2021-05-31 14:43:15,-10.7081,-48.4172,89.6,28,18,5.95
406,Asfi,MA,2021-05-31 14:43:16,32.2994,-9.2372,67.6,72,12,14.83
407,Fort Nelson,CA,2021-05-31 14:41:17,58.8053,-122.7002,53.19,62,20,5.75
408,Bandarbeyla,SO,2021-05-31 14:43:16,9.4942,50.8122,79.99,82,86,29.46
409,Katobu,ID,2021-05-31 14:43:17,-4.9408,122.5276,75.04,91,98,4.12
410,Campbell River,CA,2021-05-31 14:43:17,50.0163,-125.2446,59.27,91,75,2.3
411,Port Hardy,CA,2021-05-31 14:43:17,50.6996,-127.4199,55.58,100,90,3.44
412,Saint-Pierre,RE,2021-05-31 14:43:18,-21.3393,55.4781,73.56,77,0,4.61
413,Bjornevatn,NO,2021-05-31 14:43:18,69.6672,29.9847,48.54,61,75,17.27
414,Bichura,RU,2021-05-31 14:43:18,50.5881,107.6022,36.59,68,98,3.44
415,Sovetskiy,RU,2021-05-31 14:43:19,61.3614,63.5842,52.52,37,51,7.49
416,Piacabucu,BR,2021-05-31 14:43:19,-10.4056,-36.4344,81.91,70,37,7.34
417,Khasan,RU,2021-05-31 14:43:20,42.4308,130.6434,52.02,93,79,4.05
418,Asosa,ET,2021-05-31 14:43:20,10.0667,34.5333,79.56,47,67,3.15
419,Chengdu,CN,2021-05-31 14:39:08,30.6667,104.0667,82.29,57,0,5.59
420,Jakar,BT,2021-05-31 14:43:21,27.5492,90.7525,57.11,97,100,1.23
421,Svetlaya,RU,2021-05-31 14:43:21,46.5389,138.3297,43.48,85,15,4.94
422,Anamur,TR,2021-05-31 14:43:21,36.0751,32.8369,78.82,61,25,16.24
423,Vila Velha,BR,2021-05-31 14:38:46,-20.3297,-40.2925,83.97,70,75,11.01
424,Ayan,RU,2021-05-31 14:43:22,56.45,138.1667,38.25,94,87,4.85
425,Pleasanton,US,2021-05-31 14:40:07,37.6624,-121.8747,72.19,66,1,0.0
426,Sinnamary,GF,2021-05-31 14:43:22,5.3833,-52.95,76.12,94,100,8.84
427,Bonfim,BR,2021-05-31 14:43:23,3.0833,-59.95,84.54,66,74,1.39
428,Berlevag,NO,2021-05-31 14:43:23,70.8578,29.0864,42.75,81,75,32.21
429,Nova Olimpia,BR,2021-05-31 14:43:24,-14.7972,-57.2881,86.83,40,69,3.29
430,Tula,RU,2021-05-31 14:42:42,54.2044,37.6111,46.76,77,98,7.43
431,Ust-Kulom,RU,2021-05-31 14:43:24,61.6864,53.6902,53.04,36,21,4.63
432,Honningsvag,NO,2021-05-31 14:43:24,70.9821,25.9704,44.35,76,40,27.63
433,Mandiana,GN,2021-05-31 14:43:25,10.6333,-8.6833,91.74,40,99,9.78
434,Dimona,IL,2021-05-31 14:43:25,31.0667,35.0333,85.86,23,0,21.05
435,Port-Cartier,CA,2021-05-31 14:43:25,50.0334,-66.8654,44.74,94,100,8.3
436,Tsabong,BW,2021-05-31 14:43:26,-26.0217,22.401,68.18,27,1,16.06
437,Banepa,NP,2021-05-31 14:43:26,27.6298,85.5214,71.92,78,75,2.57
438,Camalu,MX,2021-05-31 14:43:27,30.85,-116.0667,58.42,73,37,2.91
439,Campana,AR,2021-05-31 14:43:27,-34.1687,-58.9591,62.15,55,72,12.41
440,Henties Bay,NA,2021-05-31 14:43:27,-22.116,14.2845,64.85,70,1,13.96
441,Senneterre,CA,2021-05-31 14:43:28,48.3835,-77.2328,61.02,37,87,5.64
442,Filingue,NE,2021-05-31 14:43:28,14.3521,3.3168,110.16,7,0,8.63
443,Mbanza-Ngungu,CD,2021-05-31 14:43:29,-5.25,14.8667,87.33,42,7,2.95
444,Sayyan,YE,2021-05-31 14:43:29,15.1718,44.3244,74.88,12,10,20.38
445,Aiquile,BO,2021-05-31 14:43:29,-18.2041,-65.1807,64.58,56,100,1.01
446,Makaha,US,2021-05-31 14:43:30,21.4694,-158.2175,72.66,73,72,4.29
447,Pauini,BR,2021-05-31 14:43:30,-7.7136,-66.9764,89.53,49,53,3.98
448,Vysokogornyy,RU,2021-05-31 14:43:30,50.1167,139.15,38.03,83,56,2.17
449,Revelstoke,CA,2021-05-31 14:42:12,50.9832,-118.2023,51.82,76,1,0.0
450,Nhulunbuy,AU,2021-05-31 14:43:31,-12.2333,136.7667,77.61,83,40,8.05
451,Marzuq,YE,2021-05-31 14:43:31,14.4,46.4667,92.17,12,65,4.52
452,Guerrero Negro,MX,2021-05-31 14:43:32,27.9769,-114.0611,62.01,73,2,8.7
453,Makakilo City,US,2021-05-31 14:43:32,21.3469,-158.0858,71.29,76,1,4.61
454,Goroka,PG,2021-05-31 14:43:32,-6.0834,145.3873,60.94,97,100,0.72
455,Tynda,RU,2021-05-31 14:43:33,55.1667,124.7167,49.21,81,92,1.66
456,Manta,EC,2021-05-31 14:41:23,-0.95,-80.7333,77.45,78,95,6.08
457,Port Blair,IN,2021-05-31 14:43:33,11.6667,92.75,83.61,76,2,4.47
458,Manokwari,ID,2021-05-31 14:43:34,-0.8667,134.0833,78.55,84,100,4.23
459,Kuala Terengganu,MY,2021-05-31 14:43:34,5.3302,103.1408,80.55,89,20,3.44
460,Madingou,CG,2021-05-31 14:43:34,-4.1536,13.55,90.91,46,18,1.66
461,Aguilas,ES,2021-05-31 14:43:35,37.4063,-1.5829,79.2,72,100,10.36
462,Jacarei,BR,2021-05-31 14:40:11,-23.3053,-45.9658,71.91,77,90,4.34
463,Los Llanos De Aridane,ES,2021-05-31 14:43:35,28.6585,-17.9182,67.75,80,75,10.42
464,Puerto Escondido,MX,2021-05-31 14:43:36,15.85,-97.0667,85.1,68,100,2.19
465,Shangrao,CN,2021-05-31 14:39:13,28.4532,117.9686,73.81,77,78,2.95
466,Pachino,IT,2021-05-31 14:43:36,36.7186,15.0907,77.04,68,53,7.56
467,Mitake,JP,2021-05-31 14:43:37,35.4167,137.1333,65.89,91,20,4.43
468,Aloleng,PH,2021-05-31 14:43:37,16.1307,119.7824,83.39,82,66,6.02
469,Sibolga,ID,2021-05-31 14:43:37,1.7427,98.7792,78.21,87,98,2.39
470,Leningradskiy,RU,2021-05-31 14:43:38,69.3833,178.4167,28.38,96,84,11.07
471,Copiapo,CL,2021-05-31 14:39:38,-27.3667,-70.3333,49.69,11,0,2.01
472,Pacific Grove,US,2021-05-31 14:43:38,36.6177,-121.9166,63.16,89,20,8.99
473,Labuan,MY,2021-05-31 14:43:39,5.2767,115.2417,82.56,88,20,0.0
474,Saravan,AM,2021-05-31 14:43:39,39.7196,45.6483,83.05,46,1,3.2
475,Nelidovo,RU,2021-05-31 14:43:40,56.2211,32.7774,58.39,35,95,2.89
476,Inirida,CO,2021-05-31 14:43:40,3.8653,-67.9239,83.14,78,90,1.63
477,Machaneng,BW,2021-05-31 14:43:40,-23.1862,27.4886,66.4,51,0,10.67
478,Cap Malheureux,MU,2021-05-31 14:43:41,-19.9842,57.6142,75.69,75,0,5.01
479,Itaituba,BR,2021-05-31 14:43:41,-4.2761,-55.9836,93.36,55,0,4.61
480,Kovdor,RU,2021-05-31 14:43:41,67.5662,30.4758,49.44,59,100,7.34
481,Griffith,US,2021-05-31 14:43:42,41.5284,-87.4237,66.04,59,1,3.0
482,Saint-Leu,RE,2021-05-31 14:43:42,-21.15,55.2833,72.95,93,1,1.92
483,Hualmay,PE,2021-05-31 14:43:43,-11.0964,-77.6139,67.64,78,97,6.69
484,Walvis Bay,NA,2021-05-31 14:43:43,-22.9575,14.5053,74.35,40,0,22.91
485,Aspe,ES,2021-05-31 14:43:43,38.3451,-0.7672,74.12,64,0,1.01
486,Kilindoni,TZ,2021-05-31 14:43:44,-7.9139,39.6668,78.55,78,19,9.78
487,Vilhena,BR,2021-05-31 14:43:44,-12.7406,-60.1458,80.82,65,0,8.05
488,Pontianak,ID,2021-05-31 14:43:44,-0.0333,109.3333,80.58,94,20,1.81
489,Olden,NO,2021-05-31 14:43:45,61.8364,6.8064,74.12,31,91,3.33
490,Ostashkov,RU,2021-05-31 14:43:45,57.1467,33.1075,57.65,32,7,1.86
491,Mackay,AU,2021-05-31 14:39:04,-21.15,149.2,62.58,88,100,6.91
492,Villiers,ZA,2021-05-31 14:43:46,-27.0303,28.6006,57.13,50,100,13.44
493,Nenjiang,CN,2021-05-31 14:39:10,49.1833,125.2167,59.38,75,100,5.32
494,Salina Cruz,MX,2021-05-31 14:43:46,16.1667,-95.2,90.55,49,16,13.42
495,Kasongo-Lunda,CD,2021-05-31 14:43:48,-6.4667,16.8167,92.89,24,29,5.35
496,Paamiut,GL,2021-05-31 14:43:48,61.994,-49.6678,36.91,84,94,7.11
497,Surt,LY,2021-05-31 14:43:48,31.2089,16.5887,76.78,51,4,10.89
498,Thanh Hoa,VN,2021-05-31 14:38:59,19.8,105.7667,87.71,67,80,8.86
499,Kushima,JP,2021-05-31 14:39:15,31.4583,131.2333,66.96,83,100,3.78
500,Turukhansk,RU,2021-05-31 14:43:49,65.8167,87.9833,39.36,93,100,1.54
501,Balikpapan,ID,2021-05-31 14:43:50,-1.2675,116.8289,78.98,83,51,5.88
502,Sept-Iles,CA,2021-05-31 14:41:53,50.2001,-66.3821,45.05,89,90,7.0
503,Muroto,JP,2021-05-31 14:43:50,33.2833,134.15,68.85,74,93,3.33
504,Kenora,CA,2021-05-31 14:43:51,49.8167,-94.4337,58.39,76,20,5.75
505,Dukat,RU,2021-05-31 14:43:51,62.55,155.55,32.23,82,64,6.33
506,Adrar,MR,2021-05-31 14:43:51,20.5022,-10.0711,103.69,13,96,3.53
507,Jalu,LY,2021-05-31 14:43:52,29.0331,21.5482,96.8,15,12,14.32
508,Kattivakkam,IN,2021-05-31 14:43:52,13.2167,80.3167,88.07,84,66,11.03
509,Dumra,IN,2021-05-31 14:43:52,26.5667,85.5167,91.78,50,75,5.91
510,Ahipara,NZ,2021-05-31 14:43:53,-35.1667,173.1667,57.97,78,8,12.97
511,Kipini,KE,2021-05-31 14:43:53,-2.5257,40.5262,79.05,79,100,15.08
512,Ribeira Brava,PT,2021-05-31 14:43:53,32.65,-17.0667,71.01,76,54,2.33
513,Karla,EE,2021-05-31 14:43:54,59.3723,24.9275,60.76,55,0,6.91
514,Swellendam,ZA,2021-05-31 14:43:54,-34.0226,20.4417,62.98,76,35,7.65
515,Tutoia,BR,2021-05-31 14:43:55,-2.7619,-42.2744,87.78,55,14,7.0
516,Alyangula,AU,2021-05-31 14:43:55,-13.8483,136.4192,71.47,100,90,10.74
517,Saint-Francois,FR,2021-05-31 14:43:55,46.4154,3.9054,79.68,42,0,5.75
518,Qixia,CN,2021-05-31 14:43:56,37.2975,120.8256,65.03,92,100,6.4
519,Puerto Baquerizo Moreno,EC,2021-05-31 14:43:56,-0.9,-89.6,74.39,83,75,13.8
520,Bundaberg,AU,2021-05-31 14:43:56,-24.85,152.35,60.22,90,75,1.99
521,Rio Gallegos,AR,2021-05-31 14:43:57,-51.6226,-69.2181,30.25,86,40,3.44
522,Matagami,CA,2021-05-31 14:43:57,49.7502,-77.6328,60.91,48,20,5.77
523,Mitsamiouli,KM,2021-05-31 14:43:58,-11.3847,43.2844,79.79,73,22,7.63
524,Lata,PT,2021-05-31 14:43:58,40.1629,-8.3327,87.71,52,38,11.43
525,Hobyo,SO,2021-05-31 14:43:58,5.3505,48.5268,79.75,77,93,23.29
526,Dali,CN,2021-05-31 14:43:59,25.7,100.1833,66.34,71,17,5.84
527,Colorado,BR,2021-05-31 14:42:31,-22.8375,-51.9731,65.23,91,100,4.54
528,Severo-Kurilsk,RU,2021-05-31 14:43:59,50.6789,156.125,37.04,98,100,27.81
529,Bemidji,US,2021-05-31 14:43:59,47.4736,-94.8803,61.14,82,75,3.44
530,Ellsworth,US,2021-05-31 14:44:00,44.5434,-68.4195,56.16,98,90,1.01
531,Broken Hill,AU,2021-05-31 14:44:00,-31.95,141.4333,51.51,46,99,6.91
532,Nizhniy Bestyakh,RU,2021-05-31 14:44:00,61.9594,129.9086,51.28,71,40,1.99
533,Naberera,TZ,2021-05-31 14:44:01,-4.2,36.9333,69.49,55,58,9.15
534,Dolores,AR,2021-05-31 14:44:01,-36.3132,-57.6792,57.31,56,62,15.77
535,Nome,US,2021-05-31 14:44:02,64.5011,-165.4064,42.87,65,1,4.61
536,Zambezi,ZM,2021-05-31 14:44:02,-13.5432,23.1047,81.32,19,2,5.48
537,Inverell,AU,2021-05-31 14:44:02,-29.7833,151.1167,46.17,64,100,1.01
538,Guider,CM,2021-05-31 14:44:03,9.9342,13.9486,103.08,17,75,9.57
539,Lasa,IT,2021-05-31 14:44:03,46.6166,10.7002,74.28,51,25,4.27
540,Keetmanshoop,NA,2021-05-31 14:44:03,-26.5833,18.1333,63.25,24,0,18.1
541,Grand Forks,US,2021-05-31 14:44:04,47.9417,-97.4337,55.78,74,1,6.91
542,San Quintin,MX,2021-05-31 14:44:04,30.4833,-115.95,61.16,73,54,4.23
543,La Ronge,CA,2021-05-31 14:44:04,55.1001,-105.2842,62.85,42,90,4.61
544,Agapovka,RU,2021-05-31 14:44:05,53.2973,59.1348,76.21,68,66,14.07
545,Broome,US,2021-05-31 14:44:05,42.2506,-75.833,62.69,75,90,1.01
546,Naze,JP,2021-05-31 14:44:05,28.3667,129.4833,71.42,77,56,16.82
547,Ternate,ID,2021-05-31 14:44:06,0.8,127.4,82.08,78,100,7.96
548,Doha,QA,2021-05-31 14:42:07,25.2867,51.5333,111.51,47,0,9.22
549,Dalmatovo,RU,2021-05-31 14:44:06,56.26,62.9362,50.83,71,93,14.41
550,Stolin,BY,2021-05-31 14:44:07,51.8912,26.846,58.06,55,78,8.72
551,Rapid Valley,US,2021-05-31 14:44:07,44.0625,-103.1463,68.86,53,1,0.0
552,Kampot,KH,2021-05-31 14:44:07,10.6167,104.1833,86.05,83,6,7.94
553,Turayf,SA,2021-05-31 14:44:08,31.6725,38.6637,98.85,14,0,6.91
554,Nyanza,RW,2021-05-31 14:44:08,-2.3519,29.7509,66.11,79,100,4.99
555,Princeton,US,2021-05-31 14:44:08,25.5384,-80.4089,87.8,67,20,6.91
556,Taoudenni,ML,2021-05-31 14:44:09,22.6783,-3.9836,115.03,5,62,7.87
557,Yumen,CN,2021-05-31 14:44:09,40.2833,97.2,67.84,10,0,10.29
558,Lianzhou,CN,2021-05-31 14:44:10,24.7811,112.3825,77.43,96,100,1.12
559,Quelimane,MZ,2021-05-31 14:44:10,-17.8786,36.8883,78.75,69,40,8.05
560,Nkan,GA,2021-05-31 14:42:53,0.3833,9.7833,83.97,78,99,4.07
561,South Sioux City,US,2021-05-31 14:44:10,42.4739,-96.4136,65.28,79,1,1.99
562,Santa Maria,BR,2021-05-31 14:41:24,-29.6842,-53.8069,54.7,58,0,0.6
563,Loandjili,CG,2021-05-31 14:44:11,-4.7561,11.8578,82.51,78,75,9.22
564,Dunda,TZ,2021-05-31 14:44:12,-8.1167,34.25,73.85,46,83,4.97
565,Independence,US,2021-05-31 14:43:03,39.0911,-94.4155,60.28,90,90,1.01
566,Talcahuano,CL,2021-05-31 14:44:12,-36.7167,-73.1167,56.88,94,90,10.36
567,Richards Bay,ZA,2021-05-31 14:44:12,-28.783,32.0377,66.72,66,77,13.2
568,Severodvinsk,RU,2021-05-31 14:44:13,64.5635,39.8302,62.71,56,98,8.3
569,Tam Ky,VN,2021-05-31 14:44:13,15.5667,108.4833,87.78,89,27,6.13
570,Correntina,BR,2021-05-31 14:44:13,-13.3433,-44.6367,88.79,26,4,5.93
571,Merauke,ID,2021-05-31 14:44:14,-8.4667,140.3333,75.7,89,28,12.44
572,Ocean City,US,2021-05-31 14:44:14,39.2776,-74.5746,60.22,71,1,5.01
573,Gurjaani,GE,2021-05-31 14:44:15,41.7429,45.8011,83.05,39,0,8.21
